"source","term_name","term_id","highlighted","adjusted_p_value","negative_log10_of_adjusted_p_value","term_size","query_size","intersection_size","effective_domain_size","intersections"
"GO:MF","carbohydrate kinase activity","GO:0019200","true","0.0012986904316173392","2.8864943592139265","21","347","6","17454","PFKFB4,PFKP,HK1,PFKFB3,PFKL,HK2"
"GO:MF","carbohydrate binding","GO:0030246","true","0.001771035634415561","2.7517727004280217","116","347","12","17454","PFKP,GPI,ALDOA,PFKL,PPP1R3C,CLEC2B,PPP1R3B,HLA-DRB1,PPP1R3G,SFTPD,KLRB1,MBL2"
"GO:MF","phosphofructokinase activity","GO:0008443","false","0.0026698181701790614","2.573518315555609","7","347","4","17454","PFKFB4,PFKP,PFKFB3,PFKL"
"GO:MF","kinase activity","GO:0016301","false","0.008307498305730904","2.08052973862124","884","347","37","17454","PFKFB4,PDK1,PGK1,PFKP,AK4,HK1,PFKFB3,MT3,PFKL,PKM,VEGFA,HK2,CCNG2,CSNK1D,NIM1K,PRKAA2,EFNA3,RASSF2,PIK3IP1,PAPSS2,PKIB,PRKG2,TGFB1,ROR2,EPHA8,PNCK,SGK1,TEC,MYO3A,DAPK2,AFAP1L2,DCLK3,KIT,PDGFRL,CKMT2,EPHA3,DEPTOR"
"GO:MF","intramolecular phosphotransferase activity","GO:0016868","true","0.009312093518423034","2.030952671189554","9","347","4","17454","PGM1,PGAM1,PGAM4,PGM2"
"GO:MF","oxidoreductase activity, acting on paired donors, with incorporation or reduction of molecular oxygen","GO:0016705","true","0.013004465132408043","1.8859075054304815","164","347","13","17454","EGLN1,PLOD2,PLOD1,P4HA1,PAM,P4HA2,KDM3A,MOXD1,KDM7A,CYP26C1,CYP2S1,CYP2E1,CYP2C18"
"GO:MF","transferase activity, transferring phosphorus-containing groups","GO:0016772","false","0.0367154361141811","1.4351513087783114","1021","347","39","17454","PFKFB4,PDK1,PGK1,PFKP,AK4,HK1,PFKFB3,MT3,PFKL,PKM,VEGFA,HK2,CCNG2,CSNK1D,NIM1K,PRKAA2,EFNA3,RASSF2,PIK3IP1,TENT5C,PAPSS2,PKIB,PRKG2,TGFB1,ROR2,EPHA8,PNCK,SGK1,TEC,MYO3A,DAPK2,AFAP1L2,DCLK3,KIT,PDGFRL,PAPOLB,CKMT2,EPHA3,DEPTOR"
"GO:BP","response to hypoxia","GO:0001666","true","1.5794615710792687e-16","15.801490936185706","150","317","28","16268","BNIP3,DDIT4,BNIP3L,PDK1,PGK1,NDRG1,EGLN1,PLOD2,AK4,PLOD1,FAM162A,ENO1,MT3,VEGFA,CXCR4,RORA,ANG,CITED2,ASCL2,NOL3,TGFB1,KCNMA1,SLC8A3,ANGPTL4,UCP2,NDNF,RYR1,CPEB1"
"GO:BP","response to decreased oxygen levels","GO:0036293","false","2.7612106026814264e-16","15.558900467647488","153","317","28","16268","BNIP3,DDIT4,BNIP3L,PDK1,PGK1,NDRG1,EGLN1,PLOD2,AK4,PLOD1,FAM162A,ENO1,MT3,VEGFA,CXCR4,RORA,ANG,CITED2,ASCL2,NOL3,TGFB1,KCNMA1,SLC8A3,ANGPTL4,UCP2,NDNF,RYR1,CPEB1"
"GO:BP","response to oxygen levels","GO:0070482","false","3.744094191921107e-15","14.426653234047977","168","317","28","16268","BNIP3,DDIT4,BNIP3L,PDK1,PGK1,NDRG1,EGLN1,PLOD2,AK4,PLOD1,FAM162A,ENO1,MT3,VEGFA,CXCR4,RORA,ANG,CITED2,ASCL2,NOL3,TGFB1,KCNMA1,SLC8A3,ANGPTL4,UCP2,NDNF,RYR1,CPEB1"
"GO:BP","nucleoside diphosphate metabolic process","GO:0009132","true","2.7960846431207898e-12","11.553449685757585","95","317","20","16268","PGK1,PFKP,AK4,PGM1,HK1,LDHA,ENO1,TPI1,GPI,ALDOA,PGAM1,PFKL,PKM,HK2,ALDOC,PGAM4,NUDT18,PRKAA2,ENTPD8,UCP2"
"GO:BP","nucleoside diphosphate catabolic process","GO:0009134","false","3.505802432389383e-12","11.455212561984586","84","317","19","16268","PGK1,PFKP,PGM1,HK1,LDHA,ENO1,TPI1,GPI,ALDOA,PGAM1,PFKL,PKM,HK2,ALDOC,PGAM4,NUDT18,PRKAA2,ENTPD8,UCP2"
"GO:BP","ribonucleoside diphosphate metabolic process","GO:0009185","false","7.033624166440994e-12","11.152820841421622","87","317","19","16268","PGK1,PFKP,AK4,PGM1,HK1,LDHA,ENO1,TPI1,GPI,ALDOA,PGAM1,PFKL,PKM,HK2,ALDOC,PGAM4,NUDT18,PRKAA2,UCP2"
"GO:BP","purine nucleoside diphosphate catabolic process","GO:0009137","false","8.170169469772963e-12","11.087768935019124","76","317","18","16268","PGK1,PFKP,PGM1,HK1,LDHA,ENO1,TPI1,GPI,ALDOA,PGAM1,PFKL,PKM,HK2,ALDOC,PGAM4,NUDT18,PRKAA2,UCP2"
"GO:BP","purine ribonucleoside diphosphate catabolic process","GO:0009181","false","8.170169469772963e-12","11.087768935019124","76","317","18","16268","PGK1,PFKP,PGM1,HK1,LDHA,ENO1,TPI1,GPI,ALDOA,PGAM1,PFKL,PKM,HK2,ALDOC,PGAM4,NUDT18,PRKAA2,UCP2"
"GO:BP","purine ribonucleoside diphosphate metabolic process","GO:0009179","false","1.3382366215785864e-11","10.873467089587452","78","317","18","16268","PGK1,PFKP,PGM1,HK1,LDHA,ENO1,TPI1,GPI,ALDOA,PGAM1,PFKL,PKM,HK2,ALDOC,PGAM4,NUDT18,PRKAA2,UCP2"
"GO:BP","purine nucleoside diphosphate metabolic process","GO:0009135","false","1.7029034114096117e-11","10.768809984498608","79","317","18","16268","PGK1,PFKP,PGM1,HK1,LDHA,ENO1,TPI1,GPI,ALDOA,PGAM1,PFKL,PKM,HK2,ALDOC,PGAM4,NUDT18,PRKAA2,UCP2"
"GO:BP","ribonucleoside diphosphate catabolic process","GO:0009191","false","1.7029034114096117e-11","10.768809984498608","79","317","18","16268","PGK1,PFKP,PGM1,HK1,LDHA,ENO1,TPI1,GPI,ALDOA,PGAM1,PFKL,PKM,HK2,ALDOC,PGAM4,NUDT18,PRKAA2,UCP2"
"GO:BP","purine ribonucleotide catabolic process","GO:0009154","false","2.1089485595805056e-11","10.675934013225325","92","317","19","16268","PGK1,PFKP,PGM1,HK1,LDHA,ENO1,TPI1,GPI,ALDOA,PGAM1,PFKL,PKM,HK2,ALDOC,PGAM4,NUDT18,PRKAA2,UCP2,AMPD3"
"GO:BP","ribonucleotide catabolic process","GO:0009261","false","3.2070421270889465e-11","10.493895335225254","94","317","19","16268","PGK1,PFKP,PGM1,HK1,LDHA,ENO1,TPI1,GPI,ALDOA,PGAM1,PFKL,PKM,HK2,ALDOC,PGAM4,NUDT18,PRKAA2,UCP2,AMPD3"
"GO:BP","glycolytic process","GO:0006096","false","8.24990532293227e-11","10.083551035445712","74","317","17","16268","PGK1,PFKP,PGM1,HK1,LDHA,ENO1,TPI1,GPI,ALDOA,PGAM1,PFKL,PKM,HK2,ALDOC,PGAM4,PRKAA2,UCP2"
"GO:BP","ADP catabolic process","GO:0046032","false","8.24990532293227e-11","10.083551035445712","74","317","17","16268","PGK1,PFKP,PGM1,HK1,LDHA,ENO1,TPI1,GPI,ALDOA,PGAM1,PFKL,PKM,HK2,ALDOC,PGAM4,PRKAA2,UCP2"
"GO:BP","cellular response to hypoxia","GO:0071456","false","1.033828456264226e-10","9.985551517991075","87","317","18","16268","BNIP3,BNIP3L,PDK1,PGK1,NDRG1,EGLN1,AK4,FAM162A,ENO1,MT3,VEGFA,RORA,CITED2,NOL3,TGFB1,SLC8A3,NDNF,CPEB1"
"GO:BP","purine nucleotide catabolic process","GO:0006195","false","1.2828034676693736e-10","9.891839874758846","101","317","19","16268","PGK1,PFKP,PGM1,HK1,LDHA,ENO1,TPI1,GPI,ALDOA,PGAM1,PFKL,PKM,HK2,ALDOC,PGAM4,NUDT18,PRKAA2,UCP2,AMPD3"
"GO:BP","ADP metabolic process","GO:0046031","false","1.3266804754227752e-10","9.877233662267555","76","317","17","16268","PGK1,PFKP,PGM1,HK1,LDHA,ENO1,TPI1,GPI,ALDOA,PGAM1,PFKL,PKM,HK2,ALDOC,PGAM4,PRKAA2,UCP2"
"GO:BP","cellular response to decreased oxygen levels","GO:0036294","false","1.9317621473819373e-10","9.71404634812688","90","317","18","16268","BNIP3,BNIP3L,PDK1,PGK1,NDRG1,EGLN1,AK4,FAM162A,ENO1,MT3,VEGFA,RORA,CITED2,NOL3,TGFB1,SLC8A3,NDNF,CPEB1"
"GO:BP","pyridine nucleotide catabolic process","GO:0019364","false","2.101808771279338e-10","9.677406799894882","78","317","17","16268","PGK1,PFKP,PGM1,HK1,LDHA,ENO1,TPI1,GPI,ALDOA,PGAM1,PFKL,PKM,HK2,ALDOC,PGAM4,PRKAA2,UCP2"
"GO:BP","pyridine-containing compound catabolic process","GO:0072526","false","4.0828856115161325e-10","9.389032787351859","81","317","17","16268","PGK1,PFKP,PGM1,HK1,LDHA,ENO1,TPI1,GPI,ALDOA,PGAM1,PFKL,PKM,HK2,ALDOC,PGAM4,PRKAA2,UCP2"
"GO:BP","organophosphate catabolic process","GO:0046434","false","7.110912965889549e-10","9.148074636880084","191","317","24","16268","PGK1,PFKP,PGM1,HK1,LDHA,ENO1,TPI1,GPI,ALDOA,PGAM1,PFKL,PKM,HK2,ALDOC,PGAM4,NUDT18,PRKAA2,PLD1,ENPP2,ENTPD8,SMPDL3A,PLA2G7,UCP2,AMPD3"
"GO:BP","nucleoside phosphate catabolic process","GO:1901292","false","7.529199403346954e-10","9.12325120085024","141","317","21","16268","PGK1,PFKP,PGM1,HK1,LDHA,ENO1,TPI1,GPI,ALDOA,PGAM1,PFKL,PKM,HK2,ALDOC,PGAM4,NUDT18,PRKAA2,ENTPD8,SMPDL3A,UCP2,AMPD3"
"GO:BP","cellular response to oxygen levels","GO:0071453","false","1.870118341730774e-9","8.72813091028999","102","317","18","16268","BNIP3,BNIP3L,PDK1,PGK1,NDRG1,EGLN1,AK4,FAM162A,ENO1,MT3,VEGFA,RORA,CITED2,NOL3,TGFB1,SLC8A3,NDNF,CPEB1"
"GO:BP","purine-containing compound catabolic process","GO:0072523","false","2.407883026580418e-9","8.61836461465033","118","317","19","16268","PGK1,PFKP,PGM1,HK1,LDHA,ENO1,TPI1,GPI,ALDOA,PGAM1,PFKL,PKM,HK2,ALDOC,PGAM4,NUDT18,PRKAA2,UCP2,AMPD3"
"GO:BP","nucleotide catabolic process","GO:0009166","false","2.8154085721608037e-9","8.550458571413282","119","317","19","16268","PGK1,PFKP,PGM1,HK1,LDHA,ENO1,TPI1,GPI,ALDOA,PGAM1,PFKL,PKM,HK2,ALDOC,PGAM4,NUDT18,PRKAA2,UCP2,AMPD3"
"GO:BP","pyruvate metabolic process","GO:0006090","false","1.0776460804967158e-8","7.967523846314794","98","317","17","16268","PGK1,PFKP,PGM1,HK1,LDHA,ENO1,TPI1,GPI,ALDOA,PGAM1,PFKL,PKM,HK2,ALDOC,PGAM4,PRKAA2,UCP2"
"GO:BP","carbohydrate derivative catabolic process","GO:1901136","false","1.483901455738504e-7","6.828594939117651","204","317","22","16268","PGK1,PFKP,PGM1,HK1,LDHA,ENO1,TPI1,GPI,ALDOA,PGAM1,PFKL,PKM,HK2,ALDOC,PGAM4,NUDT18,PRKAA2,MAN1A1,TGFB1,ALDH1A1,UCP2,AMPD3"
"GO:BP","carbohydrate catabolic process","GO:0016052","false","1.8998596943936386e-7","6.721278470731681","133","317","18","16268","PGK1,PFKP,PGM1,HK1,LDHA,ENO1,TPI1,GPI,ALDOA,PGAM1,PFKL,PKM,HK2,ALDOC,PGAM4,PRKAA2,PPP1R3B,UCP2"
"GO:BP","pyridine nucleotide metabolic process","GO:0019362","false","0.0000015697092205947173","5.804180790639886","133","317","17","16268","PGK1,PFKP,PGM1,HK1,LDHA,ENO1,TPI1,GPI,ALDOA,PGAM1,PFKL,PKM,HK2,ALDOC,PGAM4,PRKAA2,UCP2"
"GO:BP","nicotinamide nucleotide metabolic process","GO:0046496","false","0.0000015697092205947173","5.804180790639886","133","317","17","16268","PGK1,PFKP,PGM1,HK1,LDHA,ENO1,TPI1,GPI,ALDOA,PGAM1,PFKL,PKM,HK2,ALDOC,PGAM4,PRKAA2,UCP2"
"GO:BP","pyridine-containing compound metabolic process","GO:0072524","false","0.0000031380282683748065","5.503343148466133","139","317","17","16268","PGK1,PFKP,PGM1,HK1,LDHA,ENO1,TPI1,GPI,ALDOA,PGAM1,PFKL,PKM,HK2,ALDOC,PGAM4,PRKAA2,UCP2"
"GO:BP","carbohydrate metabolic process","GO:0005975","false","0.0000034114043291435158","5.467066803750236","357","317","27","16268","PDK1,PGK1,GBE1,PFKP,PGM1,HK1,LDHA,SLC2A1,ENO1,TPI1,GPI,ALDOA,PGAM1,PFKL,PKM,PPP1R3C,HK2,ALDOC,PGAM4,PRKAA2,RORA,PPP1R3B,PPP1R3G,PTH1R,TGFB1,UCP2,ST6GALNAC5"
"GO:BP","cellular response to chemical stimulus","GO:0070887","false","0.000003634557053325034","5.439548509431724","1624","317","67","16268","BNIP3,BNIP3L,PDK1,PGK1,NDRG1,EGLN1,AK4,FAM162A,ANKZF1,ENO1,MT3,INSIG2,TNIP1,PKM,VEGFA,PIAS2,KDM3A,MIF,CXCR4,PRKAA2,RORA,CITED2,PTPRN,DHRS3,NR3C1,PPARGC1B,NOL3,HLA-DRB1,TFR2,PLD1,TGFB1,ABCG2,IL6R,CYP26C1,SLC8A3,PADI2,ALDH1A1,PLA2G7,DAPK2,UCP2,KIT,SLC4A11,NDNF,HTR2B,RYR1,GHR,PRR5L,SLC13A5,CYP2S1,PTGER2,SFTPD,ROBO2,SLC39A8,HRH1,GNAI1,CACNA1H,WNT3A,RYR3,SCNN1G,CYP2E1,LEF1,EPHA3,IL12A,CACNA1A,CPEB1,CYP2C18,AANAT"
"GO:BP","ATP metabolic process","GO:0046034","false","0.000006756398317494557","5.170284754898738","185","317","19","16268","PGK1,PFKP,AK4,PGM1,HK1,LDHA,ENO1,TPI1,GPI,ALDOA,PGAM1,PFKL,PKM,HK2,ALDOC,PGAM4,PRKAA2,TGFB1,UCP2"
"GO:BP","nucleoside triphosphate metabolic process","GO:0009141","false","0.000015759722659138676","4.8024514295282845","216","317","20","16268","PGK1,PFKP,AK4,PGM1,HK1,LDHA,ENO1,TPI1,GPI,ALDOA,PGAM1,PFKL,PKM,HK2,ALDOC,PGAM4,PRKAA2,TGFB1,SMPDL3A,UCP2"
"GO:BP","glucose catabolic process to pyruvate","GO:0061718","false","0.000017547397437627828","4.755787287305973","16","317","7","16268","PGK1,PFKP,HK1,ENO1,PGAM1,PFKL,HK2"
"GO:BP","canonical glycolysis","GO:0061621","false","0.000017547397437627828","4.755787287305973","16","317","7","16268","PGK1,PFKP,HK1,ENO1,PGAM1,PFKL,HK2"
"GO:BP","purine ribonucleoside triphosphate metabolic process","GO:0009205","false","0.000022639851716168928","4.645126421965236","199","317","19","16268","PGK1,PFKP,AK4,PGM1,HK1,LDHA,ENO1,TPI1,GPI,ALDOA,PGAM1,PFKL,PKM,HK2,ALDOC,PGAM4,PRKAA2,TGFB1,UCP2"
"GO:BP","purine ribonucleotide metabolic process","GO:0009150","false","0.000024276925366166088","4.614806316816754","267","317","22","16268","PGK1,PFKP,AK4,PGM1,HK1,LDHA,ENO1,TPI1,GPI,ALDOA,PGAM1,PFKL,PKM,HK2,ALDOC,PGAM4,NUDT18,PRKAA2,PAPSS2,TGFB1,UCP2,AMPD3"
"GO:BP","purine nucleoside triphosphate metabolic process","GO:0009144","false","0.000028928410111717337","4.538675434263591","202","317","19","16268","PGK1,PFKP,AK4,PGM1,HK1,LDHA,ENO1,TPI1,GPI,ALDOA,PGAM1,PFKL,PKM,HK2,ALDOC,PGAM4,PRKAA2,TGFB1,UCP2"
"GO:BP","glycolytic process through fructose-6-phosphate","GO:0061615","false","0.000029333948447438065","4.532629475596976","17","317","7","16268","PGK1,PFKP,HK1,ENO1,PGAM1,PFKL,HK2"
"GO:BP","glycolytic process through glucose-6-phosphate","GO:0061620","false","0.000029333948447438065","4.532629475596976","17","317","7","16268","PGK1,PFKP,HK1,ENO1,PGAM1,PFKL,HK2"
"GO:BP","ribonucleoside triphosphate metabolic process","GO:0009199","false","0.00003679399857916693","4.4342230127531606","205","317","19","16268","PGK1,PFKP,AK4,PGM1,HK1,LDHA,ENO1,TPI1,GPI,ALDOA,PGAM1,PFKL,PKM,HK2,ALDOC,PGAM4,PRKAA2,TGFB1,UCP2"
"GO:BP","ribonucleotide metabolic process","GO:0009259","false","0.00004724853150080218","4.325611684953852","277","317","22","16268","PGK1,PFKP,AK4,PGM1,HK1,LDHA,ENO1,TPI1,GPI,ALDOA,PGAM1,PFKL,PKM,HK2,ALDOC,PGAM4,NUDT18,PRKAA2,PAPSS2,TGFB1,UCP2,AMPD3"
"GO:BP","response to abiotic stimulus","GO:0009628","false","0.00006266749440622","4.202957669067477","700","317","37","16268","BNIP3,DDIT4,BNIP3L,PDK1,PGK1,NDRG1,EGLN1,PLOD2,AK4,PLOD1,FAM162A,ENO1,MT3,VEGFA,CXCR4,RORA,ANG,CITED2,BHLHE40,ASCL2,NOL3,ID2,TGFB1,KCNMA1,RGS9BP,SLC8A3,ANGPTL4,UCP2,KIT,SLC4A11,NDNF,RYR1,SCNN1G,TMC2,IL12A,CPEB1,AANAT"
"GO:BP","glucose catabolic process","GO:0006007","false","0.00007349290335782815","4.133754595355731","19","317","7","16268","PGK1,PFKP,HK1,ENO1,PGAM1,PFKL,HK2"
"GO:BP","ribose phosphate metabolic process","GO:0019693","false","0.00007391590451864835","4.131262104209836","284","317","22","16268","PGK1,PFKP,AK4,PGM1,HK1,LDHA,ENO1,TPI1,GPI,ALDOA,PGAM1,PFKL,PKM,HK2,ALDOC,PGAM4,NUDT18,PRKAA2,PAPSS2,TGFB1,UCP2,AMPD3"
"GO:BP","small molecule metabolic process","GO:0044281","false","0.0002044770598138143","3.6893554082195448","1459","317","58","16268","PDK1,PGK1,PLOD2,PFKP,AK4,PGM1,HK1,LDHA,SLC2A1,RIMKLA,ENO1,TPI1,GPI,ALDOA,PGAM1,INSIG2,PFKL,PKM,HK2,ALDOC,KDM3A,PGAM4,NUDT18,MIF,PGM2,MOXD1,PRKAA2,ADM,RORA,DHRS3,GPR146,PAPSS2,CA3,PTH1R,PRKG2,GLYATL1,ALOX12B,TGFB1,ABCG2,CYP26C1,ENTPD8,HNMT,SMPDL3A,ABCA5,ALDH1A1,PLA2G7,PIPOX,UCP2,GHR,CYP2S1,AMPD3,SLC39A8,GNAI1,APOF,CACNA1H,CYP2E1,UGT2A1,CYP2C18"
"GO:BP","hexose catabolic process","GO:0019320","false","0.0006395376379393673","3.1941338914224287","36","317","8","16268","PGK1,PFKP,PGM1,HK1,ENO1,PGAM1,PFKL,HK2"
"GO:BP","monosaccharide metabolic process","GO:0005996","false","0.0007215752909202652","3.141718346863997","156","317","15","16268","PDK1,PGK1,PFKP,PGM1,HK1,SLC2A1,ENO1,TPI1,GPI,ALDOA,PGAM1,PFKL,HK2,ALDOC,RORA"
"GO:BP","monosaccharide catabolic process","GO:0046365","false","0.0012357999551196454","2.9080518248936453","39","317","8","16268","PGK1,PFKP,PGM1,HK1,ENO1,PGAM1,PFKL,HK2"
"GO:BP","hexose metabolic process","GO:0019318","false","0.00130044092557274","2.8859093714807926","142","317","14","16268","PDK1,PGK1,PFKP,PGM1,HK1,ENO1,TPI1,GPI,ALDOA,PGAM1,PFKL,HK2,ALDOC,RORA"
"GO:BP","purine nucleotide metabolic process","GO:0006163","false","0.0018351939231179583","2.7363180375207867","342","317","22","16268","PGK1,PFKP,AK4,PGM1,HK1,LDHA,ENO1,TPI1,GPI,ALDOA,PGAM1,PFKL,PKM,HK2,ALDOC,PGAM4,NUDT18,PRKAA2,PAPSS2,TGFB1,UCP2,AMPD3"
"GO:BP","nucleobase-containing compound catabolic process","GO:0034655","false","0.0020520346495148216","2.6878153102434377","458","317","26","16268","PGK1,PFKP,PGM1,HK1,LDHA,ENO1,TPI1,GPI,ALDOA,PGAM1,PFKL,PKM,HK2,ALDOC,PGAM4,NUDT18,PRKAA2,ANG,TENT5C,ENTPD8,SMPDL3A,UCP2,PRR5L,AMPD3,ISG20,CECR2"
"GO:BP","NADH metabolic process","GO:0006734","false","0.002469436314979387","2.6074021695063485","30","317","7","16268","PGK1,PFKP,HK1,ENO1,PGAM1,PFKL,HK2"
"GO:BP","generation of precursor metabolites and energy","GO:0006091","false","0.002586270298016466","2.5873260878073294","377","317","23","16268","PGK1,GBE1,PFKP,AK4,PGM1,HK1,LDHA,ENO1,TPI1,GPI,ALDOA,PGAM1,MT3,PFKL,PKM,PPP1R3C,HK2,ALDOC,PGAM4,PRKAA2,PPP1R3B,PPP1R3G,UCP2"
"GO:BP","glucose metabolic process","GO:0006006","false","0.003367156396828597","2.472736711143184","112","317","12","16268","PDK1,PGK1,PFKP,PGM1,HK1,ENO1,TPI1,GPI,PGAM1,PFKL,HK2,RORA"
"GO:BP","carbohydrate biosynthetic process","GO:0016051","false","0.004238665928439025","2.372770811115859","135","317","13","16268","PGK1,GBE1,PGM1,ENO1,TPI1,GPI,PGAM1,PPP1R3C,PPP1R3B,PPP1R3G,PTH1R,TGFB1,ST6GALNAC5"
"GO:BP","response to chemical","GO:0042221","false","0.0060494253655684034","2.218285876986415","2595","317","82","16268","BNIP3,BNIP3L,PDK1,PGK1,NDRG1,EGLN1,AK4,FAM162A,SLC2A1,ANKZF1,ENO1,PAM,MT3,INSIG2,TNIP1,PFKL,PKM,VEGFA,PIAS2,TXNIP,KDM3A,MIF,CXCR4,PRKAA2,RORA,ANG,CITED2,PTPRN,DHRS3,NR3C1,PPARGC1B,NOL3,HLA-DRB1,TFR2,MAN1A1,PLD1,ENPP2,TGFB1,ABCG2,IL6R,KCNMA1,HLA-DPA1,CYP26C1,SEMA6D,SLC8A3,PADI2,ALDH1A1,BIRC7,PLA2G7,PTPRM,DAPK2,OSMR,UCP2,KIT,SLC4A11,NDNF,HTR2B,RYR1,GHR,PRR5L,SLC13A5,TAS2R46,CYP2S1,PTGER2,SFTPD,ROBO2,SLC39A8,LECT2,HRH1,GNAI1,CACNA1H,WNT3A,RYR3,SCNN1G,CYP2E1,LEF1,EPHA3,IL12A,CACNA1A,CPEB1,CYP2C18,AANAT"
"GO:BP","organic acid metabolic process","GO:0006082","false","0.00677814211401774","2.1688893297614493","746","317","34","16268","PGK1,PLOD2,PFKP,PGM1,HK1,LDHA,SLC2A1,RIMKLA,ENO1,TPI1,GPI,ALDOA,PGAM1,PFKL,PKM,HK2,ALDOC,PGAM4,MIF,PRKAA2,PAPSS2,GLYATL1,ALOX12B,CYP26C1,HNMT,ALDH1A1,PIPOX,UCP2,GHR,CYP2S1,SLC39A8,CYP2E1,UGT2A1,CYP2C18"
"GO:BP","circulatory system development","GO:0072359","true","0.006977778774991908","2.15628280363587","747","317","34","16268","PGK1,EGLN1,ITGA5,PKM,VEGFA,DIPK2A,HK2,ID1,CXCR4,SPRY1,NEBL,SLC1A1,ADM,RORA,ANG,CITED2,LOX,EFNA3,ID2,ITGA2B,TGFB1,IL6R,ADAM12,ANGPTL4,PTPRM,KIT,NDNF,HTR2B,RYR1,ROBO2,CCN6,WNT3A,MESP1,IL12A"
"GO:BP","purine-containing compound metabolic process","GO:0072521","false","0.007769588938024264","2.1096019576045153","462","317","25","16268","PGK1,PFKP,AK4,PGM1,HK1,LDHA,ENO1,TPI1,GPI,ALDOA,PGAM1,PFKL,PKM,HK2,ALDOC,PGAM4,NUDT18,PGM2,PRKAA2,PAPSS2,TGFB1,ABCG2,PIPOX,UCP2,AMPD3"
"GO:BP","tube development","GO:0035295","true","0.010138194176240291","1.9940393950161395","627","317","30","16268","PGK1,EGLN1,ITGA5,PKM,VEGFA,HK2,ID1,SLC1A1,ADM,RORA,ANG,CITED2,LOX,EFNA3,ID2,RBPMS2,ITGA2B,TGFB1,ADAM12,ANGPTL4,PTPRM,KIT,NDNF,GRHL2,FOXD1,SFTPD,ROBO2,CCN6,MESP1,IL12A"
"GO:BP","nucleotide metabolic process","GO:0009117","false","0.010240721013083789","1.9896694651394702","380","317","22","16268","PGK1,PFKP,AK4,PGM1,HK1,LDHA,ENO1,TPI1,GPI,ALDOA,PGAM1,PFKL,PKM,HK2,ALDOC,PGAM4,NUDT18,PRKAA2,PAPSS2,TGFB1,UCP2,AMPD3"
"GO:BP","vasculature development","GO:0001944","false","0.013063850406704474","1.883928801320588","507","317","26","16268","PGK1,EGLN1,ITGA5,PKM,VEGFA,HK2,ID1,CXCR4,SLC1A1,ADM,RORA,ANG,LOX,EFNA3,ITGA2B,TGFB1,IL6R,ADAM12,ANGPTL4,PTPRM,KIT,NDNF,ROBO2,CCN6,MESP1,IL12A"
"GO:BP","multicellular organismal process","GO:0032501","true","0.014838293825133344","1.828616033351391","5340","317","141","16268","DDIT4,PGK1,EGLN1,ITGA5,LDHA,SLC2A1,ENO1,ALDOA,MT3,PKM,VEGFA,DIPK2A,MYO1E,HK2,KDM3A,NFATC4,STC1,MIF,ADORA2B,ID1,CSNK1D,CIART,CXCR4,NRN1,SPRY1,TLE6,NEBL,PRKAA2,KDM7A,SLC1A1,ADM,RORA,MYO15A,ANG,CITED2,LOX,BHLHE40,EFNA3,KCTD11,VLDLR,CLEC2B,ASCL2,PTPRN,DHRS3,PPARGC1B,HLA-DRB1,COL5A2,PLAAT1,HLA-DOB,TFR2,ID2,RBPMS2,CDH3,ITGA2B,HSF4,PTH1R,ENPP2,CCDC88B,ALOX12B,TBC1D8B,TGFB1,ABCG2,IL6R,KCNMA1,HLA-DPA1,LILRB3,CYP26C1,SEMA6D,RGS9BP,ROR2,EPHA8,SLC40A1,HNMT,SLC6A13,INA,DSC2,SLC8A3,ADAM12,ABCA5,SGK1,PADI2,ALDH1A1,TEC,ANGPTL4,PLA2G7,MYLIP,PTPRM,MYO3A,TCF15,AFAP1L2,ELF3,UCP2,KIT,ARTN,BCL6B,SLC8A2,CALB1,NDNF,HTR2B,OPRK1,RYR1,BCAS1,CELF2,GHR,SERPINA3,TAS2R46,INHA,GRHL2,KRT77,FOXD1,SFTPD,ROBO2,TNC,P2RX6,CCN6,SLC39A8,GFRA3,LECT2,CKMT2,ASPN,HOXA9,SCIN,PLCL1,F13A1,PLPPR4,MBL2,ZNF750,CACNA1H,WNT3A,KCNJ5,MESP1,RYR3,SCNN1G,LEF1,SIRPB1,EPHA3,TMC2,MEIS3,UGT2A1,IL12A,SMOC1"
"GO:BP","oxoacid metabolic process","GO:0043436","false","0.014969691438416973","1.824787151425413","740","317","33","16268","PGK1,PLOD2,PFKP,PGM1,HK1,LDHA,SLC2A1,RIMKLA,ENO1,TPI1,GPI,ALDOA,PGAM1,PFKL,PKM,HK2,ALDOC,PGAM4,MIF,PRKAA2,PAPSS2,GLYATL1,ALOX12B,CYP26C1,HNMT,ALDH1A1,PIPOX,UCP2,CYP2S1,SLC39A8,CYP2E1,UGT2A1,CYP2C18"
"GO:BP","monocarboxylic acid metabolic process","GO:0032787","false","0.01866802562348639","1.72890161167958","486","317","25","16268","PGK1,PFKP,PGM1,HK1,LDHA,ENO1,TPI1,GPI,ALDOA,PGAM1,PFKL,PKM,HK2,ALDOC,PGAM4,MIF,PRKAA2,ALOX12B,CYP26C1,ALDH1A1,UCP2,CYP2S1,CYP2E1,UGT2A1,CYP2C18"
"GO:BP","carboxylic acid metabolic process","GO:0019752","false","0.02274337780880743","1.6431450341608131","721","317","32","16268","PGK1,PLOD2,PFKP,PGM1,HK1,LDHA,SLC2A1,RIMKLA,ENO1,TPI1,GPI,ALDOA,PGAM1,PFKL,PKM,HK2,ALDOC,PGAM4,MIF,PRKAA2,GLYATL1,ALOX12B,CYP26C1,HNMT,ALDH1A1,PIPOX,UCP2,CYP2S1,SLC39A8,CYP2E1,UGT2A1,CYP2C18"
"GO:BP","phosphorus metabolic process","GO:0006793","false","0.02326173680594651","1.6333578623900655","1933","317","64","16268","PFKFB4,PGK1,ITGA5,PFKP,AK4,PGM1,HK1,LDHA,ENO1,PFKFB3,TPI1,GPI,ALDOA,PGAM1,MT3,PFKL,PKM,VEGFA,DIPK2A,HK2,ALDOC,PGAM4,NUDT18,MIF,CSNK1D,NIM1K,PRKAA2,ANG,RASSF2,PAPSS2,HLA-DRB1,PLAAT1,PLD1,PTH1R,ENPP2,PRKG2,TGFB1,IL6R,ENTPD8,SLC8A3,SMPDL3A,SGK1,TEC,PLA2G7,PTPRM,MYO3A,PIPOX,DAPK2,DUSP9,UCP2,KIT,SLC8A2,HTR2B,PTPRH,GHR,PRR5L,INHA,AMPD3,CKMT2,PLPPR4,WNT3A,EPHA3,IL12A,DEPTOR"
"GO:BP","phosphate-containing compound metabolic process","GO:0006796","false","0.02326173680594651","1.6333578623900655","1933","317","64","16268","PFKFB4,PGK1,ITGA5,PFKP,AK4,PGM1,HK1,LDHA,ENO1,PFKFB3,TPI1,GPI,ALDOA,PGAM1,MT3,PFKL,PKM,VEGFA,DIPK2A,HK2,ALDOC,PGAM4,NUDT18,MIF,CSNK1D,NIM1K,PRKAA2,ANG,RASSF2,PAPSS2,HLA-DRB1,PLAAT1,PLD1,PTH1R,ENPP2,PRKG2,TGFB1,IL6R,ENTPD8,SLC8A3,SMPDL3A,SGK1,TEC,PLA2G7,PTPRM,MYO3A,PIPOX,DAPK2,DUSP9,UCP2,KIT,SLC8A2,HTR2B,PTPRH,GHR,PRR5L,INHA,AMPD3,CKMT2,PLPPR4,WNT3A,EPHA3,IL12A,DEPTOR"
"GO:BP","fructose 1,6-bisphosphate metabolic process","GO:0030388","false","0.029467384412527727","1.5306584113376778","9","317","4","16268","PFKP,ALDOA,PFKL,ALDOC"
"GO:BP","blood vessel development","GO:0001568","false","0.04940849001308866","1.3061984185049156","483","317","24","16268","PGK1,EGLN1,ITGA5,PKM,VEGFA,HK2,ID1,SLC1A1,ADM,RORA,ANG,LOX,EFNA3,ITGA2B,TGFB1,IL6R,ADAM12,ANGPTL4,PTPRM,NDNF,ROBO2,CCN6,MESP1,IL12A"
"GO:CC","ficolin-1-rich granule lumen","GO:1904813","true","0.04629934803428687","1.3344251244702792","124","334","10","17186","PGM1,GPI,ALDOA,PGAM1,PFKL,PKM,ALDOC,MIF,PGM2,AMPD3"
"KEGG","Glycolysis / Gluconeogenesis","KEGG:00010","false","3.8411063210463834e-11","10.415543671484993","67","180","16","8484","PGK1,PFKP,PGM1,HK1,LDHA,ENO1,TPI1,GPI,ALDOA,PGAM1,PFKL,PKM,HK2,ALDOC,PGAM4,PGM2"
"KEGG","HIF-1 signaling pathway","KEGG:04066","false","8.034958357681994e-7","6.095016369687916","109","180","15","8484","PDK1,PGK1,EGLN1,PFKP,HK1,LDHA,SLC2A1,ENO1,PFKFB3,ALDOA,PFKL,VEGFA,HK2,ALDOC,IL6R"
"KEGG","Central carbon metabolism in cancer","KEGG:05230","false","0.000002134754914459512","5.670651977972728","70","180","12","8484","PDK1,SLC16A3,PFKP,HK1,LDHA,SLC2A1,PGAM1,PFKL,PKM,HK2,PGAM4,KIT"
"KEGG","Fructose and mannose metabolism","KEGG:00051","false","0.000002407803141336949","5.618379023280469","34","180","9","8484","PFKFB4,PFKP,HK1,PFKFB3,TPI1,ALDOA,PFKL,HK2,ALDOC"
"KEGG","Carbon metabolism","KEGG:01200","false","0.00008615563884414449","4.064716292925712","115","180","13","8484","PGK1,PFKP,HK1,ENO1,TPI1,GPI,ALDOA,PGAM1,PFKL,PKM,HK2,ALDOC,PGAM4"
"KEGG","Pentose phosphate pathway","KEGG:00030","false","0.00029921938172931323","3.5240102787705787","31","180","7","8484","PFKP,PGM1,GPI,ALDOA,PFKL,ALDOC,PGM2"
"KEGG","Biosynthesis of amino acids","KEGG:01230","false","0.00032448877240663025","3.4888003255699385","74","180","10","8484","PGK1,PFKP,ENO1,TPI1,ALDOA,PGAM1,PFKL,PKM,ALDOC,PGAM4"
"KEGG","Galactose metabolism","KEGG:00052","false","0.004883855064202581","2.3112372328825668","32","180","6","8484","PFKP,PGM1,HK1,PFKL,HK2,PGM2"
"KEGG","Starch and sucrose metabolism","KEGG:00500","false","0.009783648030915797","2.0094991795388797","36","180","6","8484","GBE1,PGM1,HK1,GPI,HK2,PGM2"
"REAC","Glycolysis","REAC:R-HSA-70171","false","2.7604297930967533e-7","6.559023293935328","68","217","13","11004","PFKFB4,PGK1,PFKP,HK1,ENO1,PFKFB3,TPI1,GPI,ALDOA,PGAM1,PFKL,HK2,ALDOC"
"REAC","Glucose metabolism","REAC:R-HSA-70326","false","0.0000013829079192632093","5.859206736367347","77","217","13","11004","PFKFB4,PGK1,PFKP,HK1,ENO1,PFKFB3,TPI1,GPI,ALDOA,PGAM1,PFKL,HK2,ALDOC"
"REAC","Metabolism of carbohydrates and carbohydrate derivatives","REAC:R-HSA-71387","false","0.000002951416173434208","5.529969547164776","279","217","23","11004","PFKFB4,PGK1,GBE1,PFKP,PGM1,HK1,SLC2A1,ENO1,PFKFB3,TPI1,GPI,ALDOA,PGAM1,PFKL,PPP1R3C,FUT11,HK2,ALDOC,PGM2,PAPSS2,ALDH1A1,GPC5,HS3ST6"
"REAC","Gluconeogenesis","REAC:R-HSA-70263","false","0.00013172567631612245","3.88032956296124","24","217","7","11004","PGK1,ENO1,TPI1,GPI,ALDOA,PGAM1,ALDOC"
"WP","Clear cell renal cell carcinoma pathways","WP:WP4018","false","3.0502763553778636e-12","11.515660811742201","85","192","19","8752","PGK1,PLOD2,PFKP,PGM1,HK1,LDHA,SLC2A1,ENO1,TPI1,GPI,ALDOA,PFKL,PKM,VEGFA,HK2,ALDOC,PGM2,TGFB1,DEPTOR"
"WP","Glycolysis and gluconeogenesis","WP:WP534","false","6.983476979094933e-11","10.155928294159114","45","192","14","8752","PGK1,PFKP,HK1,LDHA,SLC2A1,ENO1,TPI1,GPI,ALDOA,PGAM1,PFKL,PKM,HK2,ALDOC"
"WP","Aerobic glycolysis augmented","WP:WP4628","false","1.3211455164665456e-10","9.879049344748887","13","192","9","8752","PGK1,HK1,LDHA,SLC2A1,ENO1,TPI1,GPI,ALDOA,PKM"
"WP","Cori cycle","WP:WP1946","false","4.163028646652902e-9","8.380590600633646","17","192","9","8752","PGK1,PFKP,HK1,LDHA,SLC2A1,TPI1,GPI,ALDOA,PGAM1"
"WP","Glucose metabolism in triple negative breast cancer cells","WP:WP5211","false","5.683750268549797e-7","6.245365012266986","8","192","6","8752","PDK1,PFKP,HK1,LDHA,SLC2A1,PKM"
"WP","Photodynamic therapy induced HIF 1 survival signaling","WP:WP3614","false","8.681189198024052e-7","6.061420778652519","37","192","10","8752","BNIP3,BNIP3L,PGK1,EGLN1,HK1,LDHA,SLC2A1,PFKL,PKM,VEGFA"
"WP","Metabolic epileptic disorders","WP:WP5355","false","0.0000018474043183336656","5.733438045542491","91","192","14","8752","PGK1,PFKP,HK1,LDHA,SLC2A1,ENO1,TPI1,GPI,ALDOA,PGAM1,PFKL,PKM,HK2,ALDOC"
"WP","Glycolysis in senescence","WP:WP5049","false","0.000008875050427656905","5.051829170623188","11","192","6","8752","PGK1,HK1,LDHA,ENO1,PKM,ALDOC"
"WP","Metabolic reprogramming in colon cancer","WP:WP4290","false","0.00004750926878995814","4.323221653708979","42","192","9","8752","PGK1,SLC16A3,LDHA,SLC2A1,ENO1,GPI,PGAM1,PFKL,PKM"
"WP","Disorders of fructose metabolism","WP:WP5178","false","0.000054595564184944824","4.2628426416956255","14","192","6","8752","PGM1,HK1,TPI1,GPI,PFKL,ALDH1A1"
"WP","Metabolic pathways of fibroblasts","WP:WP5312","false","0.0009460224035368101","3.024098578590594","32","192","7","8752","PGM1,PLOD1,LDHA,P4HA1,SLC2A1,GPI,P4HA2"
"WP","Warburg effect modulated by deubiquitinating enzymes and their substrates","WP:WP5216","false","0.0033595115715679322","2.4737238586791888","26","192","6","8752","PGK1,LDHA,SLC2A1,PGAM1,VEGFA,HK2"
"WP","Metabolic reprogramming in pancreatic cancer","WP:WP5220","false","0.00629789639765004","2.2008044879197004","42","192","7","8752","HK1,LDHA,SLC2A1,GPI,PFKL,PKM,HK2"
"WP","Hereditary leiomyomatosis and renal cell carcinoma pathway","WP:WP4206","false","0.011672560308794159","1.9328338735154817","20","192","5","8752","PDK1,EGLN1,LDHA,SLC2A1,VEGFA"
"WP","UDP derived sugars synthesis in fibroblasts","WP:WP5394","false","0.013400394866384778","1.8728824041900154","11","192","4","8752","PGM1,HK1,GPI,HK2"
"WP","Lactate shuttle in glial cells","WP:WP5314","false","0.028049169970963638","1.5520799858289913","13","192","4","8752","SLC16A3,HK1,LDHA,SLC2A1"
"TF","Factor: HIF1; motif: GNNKACGTGCGGNN","TF:M00797","false","2.4833114909867928e-12","11.604968801858199","3673","373","133","20092","BNIP3,DDIT4,BNIP3L,PDK1,PGK1,SLC16A3,NDRG1,EGLN1,TMEM45A,GBE1,PFKP,AK4,PGM1,HK1,LDHA,C4ORF3,FAM162A,SLC2A1,RIMKLA,ENO1,PFKFB3,TPI1,P4HA2,PGAM1,MT3,SEC61G,PFKL,PKM,VEGFA,PPP1R3C,DIPK2A,FUT11,MYO1E,KDM3A,STC1,CSRP2,MIF,DHRS13,ADORA2B,PGM2,SMYD2,CSNK1D,CIART,TCAF2,SH3D21,SPRY1,TLE6,RCOR2,NEBL,ANKRD37,ZSWIM5,PRKAA2,SLC1A1,RORA,LMNTD2,CITED2,GALNT18,LOX,KCTD11,VLDLR,TCP11L2,PPP1R3B,RASSF2,ASCL2,DHRS3,ARHGEF37,CHAMP1,PPARGC1B,NOL3,TRIM9,GPR160,ARRDC2,TRIM7,PPP1R3G,PKIB,GRAMD2A,CA3,ID2,SNCB,IFI27L2,CDH3,HSF4,CELF5,PRKG2,PNPLA7,CYP26C1,CALHM6,SEMA6D,SHOC1,RGS9BP,EPHA8,TMEM74B,INA,DSC2,SLC8A3,AJM1,ABCA5,PADI2,BIRC7,TEC,SCUBE2,TCF15,PHF24,PTGES3L,OSMR,DUSP9,GJA3,BCL6B,SLC4A11,SLC8A2,OPRK1,GHR,PRR5L,LRRTM1,FOXD1,SELENBP1,PAPOLB,HS3ST6,RASEF,SLC39A8,HSPA12B,HOXA9,GNAI1,CCDC184,WNT3A,DPPA3,ANKRD63,EPHA3,RAB33A,IL12A,SLC25A41,CPEB1,KCNK17"
"TF","Factor: HIF-1alpha; motif: GNACGTGM; match class: 1","TF:M09944_1","false","7.887345336044989e-8","7.103069143799889","1413","373","64","20092","BNIP3,BNIP3L,PDK1,PGK1,SLC16A3,TMEM45A,GBE1,PGM1,HK1,LDHA,ENO1,STC2,MT3,SEC61G,PFKL,PKM,VEGFA,PPP1R3C,DIPK2A,FUT11,MYO1E,HK2,MIF,PGM2,SMYD2,CIART,SPRY1,RCOR2,NEBL,PRKAA2,CITED2,LOX,KCTD11,VLDLR,TCP11L2,ASCL2,CHAMP1,PPP1R3G,PKIB,GRAMD2A,SNCB,PRKG2,CYP26C1,CALHM6,RGS9BP,EPHA8,ZMYND12,INA,DSC2,TEC,MYO3A,TCF15,PHF24,PTGES3L,GJA3,OPRK1,FOXD1,SELENBP1,GNAI1,CCDC184,WNT3A,ST6GALNAC5,EPHA3,KCNK17"
"TF","Factor: EPAS1; motif: CGCACGTAS","TF:M13363","false","6.608859138262158e-7","6.179873504617299","3101","373","105","20092","BNIP3,DDIT4,BNIP3L,PGK1,SLC16A3,EGLN1,TMEM45A,GBE1,PFKP,AK4,PGM1,HK1,LDHA,C4ORF3,FAM162A,SLC2A1,RIMKLA,ENO1,STC2,TPI1,ALDOA,P4HA2,PGAM1,MT3,SEC61G,PFKL,PKM,VEGFA,PPP1R3C,DIPK2A,FUT11,MYO1E,KDM3A,STC1,CSRP2,MIF,DHRS13,SMYD2,SH3D21,SPRY1,TLE6,NEBL,ANKRD37,PRKAA2,KDM7A,RORA,CITED2,GALNT18,KCTD11,VLDLR,TCP11L2,DHRS3,ARHGEF37,CHAMP1,GPR160,TRIM7,PPP1R3G,GRAMD2A,OSCAR,CA3,LINGO3,CELF5,PRKG2,PNPLA7,CYP26C1,CALHM6,RGS9BP,EPHA8,TNFRSF19,TMEM74B,INA,DSC2,PADI2,TEC,SCUBE2,TCF15,ARHGAP20,OSMR,DUSP9,GJA3,DCLK3,BCL6B,CCDC110,OPRK1,GHR,PRR5L,SPDEF,LRRTM1,FOXD1,SELENBP1,TNC,PAPOLB,HS3ST6,RASEF,HSPA12B,HOXA9,GNAI1,CCDC184,WNT3A,DPPA3,ANKRD63,EPHA3,RAB33A,CPEB1,KCNK17"
"TF","Factor: HIF-1alpha; motif: NCACGT; match class: 1","TF:M02012_1","false","9.005454027686772e-7","6.04549438648151","1831","373","73","20092","BNIP3,PDK1,PGK1,SLC16A3,TMEM45A,GBE1,AK4,HK1,LDHA,C4ORF3,ENO1,STC2,MT3,PFKL,PKM,VEGFA,PPP1R3C,DIPK2A,FUT11,MYO1E,HK2,KDM3A,MIF,PGM2,SMYD2,CIART,SPRY1,TLE6,RCOR2,NEBL,ANKRD37,CITED2,GALNT18,LOX,KCTD11,VLDLR,TCP11L2,ASCL2,DHRS3,CHAMP1,TRIM9,TRIM7,PPP1R3G,PKIB,GRAMD2A,CYP26C1,CALHM6,SEMA6D,RGS9BP,EPHA8,DSC2,SLC8A3,TEC,TCF15,PHF24,PTGES3L,GJA3,UCP2,CCDC110,RNF223,GHR,PRR5L,FOXD1,SELENBP1,RASEF,SLC39A8,HOXA9,GNAI1,WNT3A,IFFO1,EPHA3,CPEB1,KCNK17"
"TF","Factor: HIF1; motif: GNNKACGTGCGGNN; match class: 1","TF:M00797_1","false","0.000009987081427572289","5.000561409180328","575","373","34","20092","BNIP3,PGK1,SLC16A3,TMEM45A,GBE1,AK4,HK1,ENO1,MT3,VEGFA,SMYD2,CIART,SPRY1,ANKRD37,CITED2,KCTD11,VLDLR,TCP11L2,ASCL2,TRIM7,PPP1R3G,GRAMD2A,CYP26C1,CALHM6,RGS9BP,DSC2,SLC8A3,TEC,TCF15,PTGES3L,GJA3,PRR5L,GNAI1,CPEB1"
"TF","Factor: HIF1; motif: NGTACGTGCNGB","TF:M00466","false","0.000013562097732003395","4.867673130308748","3055","373","100","20092","BNIP3,BNIP3L,PDK1,PGK1,SLC16A3,EGLN1,TMEM45A,GBE1,PLOD2,PFKP,PGM1,HK1,LDHA,RIMKLA,ANKZF1,ENO1,STC2,TPI1,P4HA2,MT3,PFKL,PKM,VEGFA,PPP1R3C,MYO1E,KDM3A,CSRP2,ADORA2B,PGM2,SMYD2,CSNK1D,CIART,NRN1,SPRY1,TLE6,RCOR2,ANKRD37,ZSWIM5,PRKAA2,SLC1A1,ADM,RORA,CITED2,EFNA3,TCP11L2,FAM83B,RASSF2,ASCL2,DHRS3,CHAMP1,TRIM9,ATP8B3,PPP1R3G,GRAMD2A,ID2,LINGO3,CELF5,PRKG2,PNPLA7,HLA-DPA1,LILRB3,CALHM6,RGS9BP,EPHA8,ZMYND12,TMEM74B,INA,DSC2,ABCA5,PADI2,BIRC7,SCUBE2,MYO3A,TCF15,PHF24,PTGES3L,OSMR,GJA3,BCL6B,SLC4A11,RNF223,PTPRH,GHR,SLC13A5,SPDEF,LRRTM1,PTGER2,FOXD1,ROBO2,RASEF,CCN6,SLC39A8,CKMT2,PLPPR4,MBL2,CCDC184,WNT3A,ANKRD63,RAB33A,IL12A"
"TF","Factor: HIF-1alpha; motif: NNACGTGNN","TF:M07043","false","0.00004467387473479896","4.34994637788493","1465","373","59","20092","BNIP3,BNIP3L,PGK1,GBE1,PFKP,AK4,PGM1,LDHA,FAM162A,RIMKLA,ENO1,TPI1,ALDOA,P4HA2,MT3,SEC61G,PFKL,VEGFA,PPP1R3C,DIPK2A,FUT11,KDM3A,STC1,MIF,SMYD2,SH3D21,SPRY1,TLE6,ANKRD37,RORA,CITED2,KCTD11,VLDLR,CHAMP1,GPR160,TRIM7,GRAMD2A,LINGO3,PRKG2,CALHM6,RGS9BP,EPHA8,TMEM74B,INA,DSC2,TEC,TCF15,DUSP9,GJA3,DCLK3,LRRTM1,FOXD1,TNC,HS3ST6,HSPA12B,GNAI1,DPPA3,CPEB1,KCNK17"
"TF","Factor: HIF1A; motif: NNACGTGCNN","TF:M09773","false","0.0001516301826598821","3.8192143418574585","2474","373","83","20092","BNIP3,BNIP3L,SLC16A3,EGLN1,TMEM45A,GBE1,PFKP,HK1,LDHA,C4ORF3,FAM162A,RIMKLA,ENO1,STC2,TPI1,ALDOA,P4HA2,MT3,PFKL,PKM,VEGFA,PPP1R3C,FUT11,MYO1E,KDM3A,STC1,CSRP2,MIF,PGM2,SMYD2,CIART,SH3D21,SPRY1,RCOR2,NEBL,ANKRD37,ZSWIM5,PRKAA2,RORA,CITED2,GALNT18,KCTD11,VLDLR,TCP11L2,ASCL2,CHAMP1,GPR160,PPP1R3G,PKIB,GRAMD2A,CELF5,PRKG2,PNPLA7,CYP26C1,CALHM6,EPHA8,TNFRSF19,TMEM74B,INA,DSC2,PADI2,TEC,SCUBE2,TCF15,PHF24,OSMR,GJA3,DCLK3,KIT,GHR,PRR5L,LRRTM1,FOXD1,SELENBP1,PAPOLB,HS3ST6,RASEF,HOXA9,GNAI1,WNT3A,DPPA3,ANKRD63,RAB33A"
"TF","Factor: HIF-1alpha; motif: NCACGT","TF:M02012","false","0.00045418363437417123","3.342768518793169","6783","373","174","20092","BNIP3,PPFIA4,DDIT4,BNIP3L,PDK1,PGK1,SLC16A3,NDRG1,EGLN1,TMEM45A,GBE1,PFKP,AK4,PGM1,HK1,LDHA,C4ORF3,FAM162A,SLC2A1,RIMKLA,ENO1,MXI1,STC2,PFKFB3,TPI1,GPI,ALDOA,P4HA2,PGAM1,MT3,PRELID2,SEC61G,PFKL,PKM,VEGFA,PPP1R3C,DIPK2A,FUT11,MYO1E,HK2,ALDOC,KDM3A,STC1,CSRP2,MIF,CCNG2,DHRS13,ADORA2B,PGM2,RNASE4,SMYD2,CSNK1D,CIART,TCAF2,SH3D21,SPRY1,TLE6,RCOR2,NEBL,ANKRD37,ZSWIM5,PRKAA2,KDM7A,SLC1A1,RORA,LMNTD2,ANG,CITED2,GALNT18,LOX,BHLHE40,KCTD11,VLDLR,TCP11L2,PPP1R3B,RASSF2,ASCL2,DHRS3,ARHGEF37,CHAMP1,UPK1A,PPARGC1B,NOL3,TRIM9,GPR160,ARRDC2,TRIM7,PPP1R3G,PKIB,GRAMD2A,OSCAR,CA3,ID2,SNCB,IFI27L2,CDH3,SEC14L5,HSF4,LINGO3,CELF5,PRKG2,PNPLA7,NFIC,IL6R,CYP26C1,CALHM6,SEMA6D,SHOC1,RGS9BP,EPHA8,ZMYND12,TNFRSF19,TMEM74B,INA,DSC2,SLC8A3,AJM1,SMPDL3A,IKZF4,PADI2,ZMAT4,BIRC7,TEC,SCUBE2,TCF15,PHF24,ARHGAP20,PTGES3L,OSMR,DUSP9,GJA3,UCP2,DCLK3,KIT,BCL6B,SLC4A11,CCDC110,SLC8A2,RNF223,OPRK1,RYR1,GHR,PRR5L,SPDEF,LRRTM1,PTGER2,VAT1L,FOXD1,AMPD3,SELENBP1,TNC,PAPOLB,HS3ST6,RASEF,SLC39A8,HSPA12B,CKMT2,HOXA9,GNAI1,CCDC184,WNT3A,KCNJ5,DPPA3,IFFO1,ANKRD63,ST6GALNAC5,EPHA3,RAB33A,IL12A,SLC25A41,CPEB1,DEPTOR,KCNK17,LRFN2"
"TF","Factor: HIF-1alpha; motif: GNACGTGM","TF:M09944","false","0.0012040411770105435","2.919358660384949","5727","373","151","20092","BNIP3,PPFIA4,BNIP3L,PDK1,PGK1,SLC16A3,NDRG1,EGLN1,TMEM45A,GBE1,PFKP,PGM1,HK1,LDHA,C4ORF3,FAM162A,SLC2A1,RIMKLA,ENO1,ZNF395,STC2,PFKFB3,TPI1,ALDOA,P4HA2,MT3,PRELID2,SEC61G,PFKL,PKM,VEGFA,PPP1R3C,DIPK2A,FUT11,WSB1,MYO1E,HK2,KDM3A,STC1,CSRP2,MIF,ARFGEF3,PGM2,SMYD2,CIART,TCAF2,SH3D21,NRN1,SPRY1,RAB20,TLE6,RCOR2,NEBL,ANKRD37,ZSWIM5,PRKAA2,KDM7A,SLC1A1,RORA,CITED2,GALNT18,LOX,BHLHE40,KCTD11,VLDLR,TCP11L2,RASSF2,ASCL2,ARHGEF37,CHAMP1,UPK1A,TRIM9,GPR160,TRIM7,PPP1R3G,PKIB,GRAMD2A,CA3,ID2,SNCB,IFI27L2,SEC14L5,TTC39A,CELF5,PRKG2,PNPLA7,NFIC,TLE1,CYP26C1,CALHM6,SHOC1,RGS9BP,EPHA8,ZMYND12,KLHL35,TNFRSF19,TMEM74B,INA,DSC2,SLC8A3,AJM1,IKZF4,ADAM12,ABCA5,PADI2,TEC,SCUBE2,MYO3A,TCF15,PHF24,ARHGAP20,PTGES3L,OSMR,DUSP9,GJA3,IGSF9B,DCLK3,KIT,BCL6B,SLC4A11,RNF223,NDNF,OPRK1,KIF12,GHR,PRR5L,LRRTM1,FOXD1,AMPD3,SELENBP1,PAPOLB,HS3ST6,RASEF,CCN6,ZNF747,SLC39A8,HSPA12B,CKMT2,HOXA9,GNAI1,SPOCD1,CCDC184,C8ORF48,WNT3A,DPPA3,ANKRD63,ST6GALNAC5,EPHA3,RAB33A,DEPTOR,KCNK17"
"TF","Factor: EPAS1; motif: CGCACGTAS; match class: 1","TF:M13363_1","false","0.0032638839535328833","2.4862652908606555","385","373","23","20092","BNIP3,PGK1,TMEM45A,GBE1,LDHA,ENO1,MT3,VEGFA,DIPK2A,FUT11,KDM3A,SMYD2,ANKRD37,KCTD11,VLDLR,TRIM7,PPP1R3G,GRAMD2A,CALHM6,EPHA8,DSC2,TCF15,WNT3A"
"TF","Factor: HIF1; motif: NGTACGTGCNGB; match class: 1","TF:M00466_1","false","0.00433997501281214","2.3625127709089284","421","373","24","20092","BNIP3,BNIP3L,PDK1,TMEM45A,GBE1,PGM1,HK1,LDHA,ENO1,P4HA2,MT3,MYO1E,CIART,CITED2,ASCL2,CHAMP1,PPP1R3G,LINGO3,DSC2,TCF15,PTGES3L,GJA3,CKMT2,CCDC184"
"TF","Factor: IRX2a; motif: ACRYGNNNNACRYGT; match class: 1","TF:M11022_1","false","0.006892983589152631","2.1615927554749037","6433","373","162","20092","BNIP3,BNIP3L,PDK1,PGK1,SLC16A3,NDRG1,EGLN1,TMEM45A,PLOD2,PFKP,AK4,PGM1,HK1,LDHA,FAM162A,SLC2A1,ANKZF1,ENO1,MXI1,ZNF395,STC2,PFKFB3,SPAG4,LOC112694756,BEND5,P4HA2,PGAM1,PRELID2,INSIG2,PFKL,PKM,PLEKHA2,VEGFA,FAM13A,PIAS2,DIPK2A,FUT11,HK2,CSRP2,NUDT18,MIF,ARFGEF3,ADORA2B,SMYD2,CIART,SH3D21,RNF183,NRN1,NIM1K,SPRY1,RAB20,TLE6,RCOR2,MLLT3,ZSWIM5,PRKAA2,KDM7A,SLC1A1,ADM,RORA,LMNTD2,CITED2,GALNT18,BHLHE40,YPEL2,EFNA3,KCTD11,VLDLR,PPP1R3B,ASCL2,PTPRN,DHRS3,PPARGC1B,NOL3,PLAAT1,ARRDC2,TRIM7,ATP8B3,PPP1R3G,ID2,RBPMS2,CDH3,ITGA2B,HSF4,LINGO3,TTC39A,CELF5,PRKG2,PNPLA7,NFIC,TLE1,ABCG2,KCNMA1,CYP26C1,CALHM6,RGS9BP,EPHA8,PCSK4,PNCK,ZMYND12,HNMT,TMEM74B,SLC6A13,INA,KCNV2,IKZF4,ADAM12,SGK1,TEC,PLA2G7,MYLIP,MYO3A,TCF15,PHF24,DAPK2,PTGES3L,OSMR,DUSP9,GJA3,IGSF9B,UCP2,KIT,SLC4A11,NDNF,LY6G5C,KIF12,CELF2,SGSM1,GPC5,PTGER2,FOXD1,TFAP2E,SRGAP1,PLCXD3,PAPOLB,SLC41A2,CYB5R2,RASEF,SLC39A8,LECT2,C2CD4C,KCNJ10,HOXA9,CCDC184,C8ORF48,CACNA1H,WNT3A,MESP1,RYR3,SCNN1G,LEF1,IFFO1,ANKRD63,ST6GALNAC5,EPHA3,PRR15,RAB33A,AGBL4,IL12A,DEPTOR,SMOC1,LRFN2"
"TF","Factor: HIC1; motif: NNNGGKTGCCCSNNNNNN","TF:M01073","false","0.018073207682899307","1.7429647608119627","4236","373","115","20092","BNIP3,DDIT4,PFKFB4,PDK1,SLC16A3,NDRG1,TMEM45A,HK1,MXI1,ZNF395,PFKFB3,GPI,LOC112694756,PFKL,PKM,PLEKHA2,VEGFA,DIPK2A,FUT11,MYO1E,CSRP2,MIF,MTFP1,DHRS13,ADORA2B,ID1,CSNK1D,TCAF2,SH3D21,MOXD1,MLLT3,NEBL,SLC1A1,ADM,CITED2,GALNT18,BHLHE40,VLDLR,PPP1R3B,ASCL2,DHRS3,TENT5C,PAPSS2,PPARGC1B,NOL3,TFR2,ARRDC2,TRIM7,KISS1R,CA3,CDH3,LINGO3,CELF5,PRKG2,CCDC88B,TGFB1,NFIC,TLE1,IL6R,SEMA6D,RGS9BP,EPHA8,SLC40A1,SLC8A3,SMPDL3A,KCNV2,ADAM12,ABCA5,SGK1,RGL3,PADI2,PLA2G7,PTPRM,PRIMA1,DAPK2,AFAP1L2,PTGES3L,DUSP9,ELF3,ACAP1,BCL6B,SLC8A2,KIF12,CELF2,SGSM1,INHA,KRT77,LRRTM1,PTGER2,VAT1L,PAPOLB,CYB5R2,HS3ST6,RASEF,HSPA12B,PPP2R2B,HOXA9,CCDC159,ZNF750,CACNA1H,ZDHHC22,MESP1,RYR3,LEF1,RTL8B,IFFO1,ANKRD63,AGBL4,IL12A,CACNA1A,CPEB1,KCNK17,SMOC1,LRFN2,AANAT"
"TF","Factor: ZNF670; motif: SNGGGCRGRG; match class: 1","TF:M13124_1","false","0.019984740608588857","1.6993014842810137","8449","373","199","20092","BNIP3,PPFIA4,DDIT4,BNIP3L,PDK1,SLC16A3,NDRG1,EGLN1,TMEM45A,GBE1,ITGA5,PFKP,AK4,PGM1,RIMKLA,ANKZF1,ZNF395,PFKFB3,SPAG4,TPI1,GPI,BEND5,ALDOA,P4HA2,PGAM1,MT3,PFKL,PLEKHA2,VEGFA,PIAS2,DIPK2A,MYO1E,HK2,ALDOC,KDM3A,NFATC4,CSRP2,NUDT18,MIF,CCNG2,ARFGEF3,ADORA2B,PGM2,SMYD2,ID1,CSNK1D,CXCR4,NRN1,MOXD1,SPRY1,RAB20,TLE6,RCOR2,MLLT3,NEBL,ANKRD37,ZSWIM5,PRKAA2,KDM7A,ADM,RORA,LMNTD2,CITED2,GALNT18,LOX,BHLHE40,YPEL2,EFNA3,KCTD11,TCP11L2,PPP1R3B,PTPRN,GPR146,TENT5C,PAPSS2,PPARGC1B,NOL3,PLAAT1,TFR2,GPR160,MAN1A1,ARRDC2,TRIM7,ATP8B3,KISS1R,PPP1R3G,PKIB,GRAMD2A,OSCAR,CA3,ID2,RBPMS2,SNCB,IFI27L2,CDH3,SEC14L5,HSF4,LINGO3,ENPP2,TTC39A,CELF5,CCDC88B,ALOX12B,TGFB1,NFIC,TLE1,ARHGAP24,KCNMA1,LILRB3,CYP26C1,RGS9BP,EPHA8,PCSK4,ENTPD8,PNCK,SLC40A1,TMEM74B,INA,DSC2,AJM1,IKZF4,ADAM12,ABCA5,SGK1,RGL3,ZMAT4,TEC,ANGPTL4,SCUBE2,MYLIP,PTPRM,PRIMA1,MYO3A,PHF24,DAPK2,AFAP1L2,PTGES3L,DUSP9,GJA3,ACAP1,ZNF608,IGSF9B,SH3RF2,UCP2,DCLK3,ARTN,BCL6B,SLC4A11,CCDC110,SLC8A2,RNF223,NDNF,OPRK1,LY6G5C,KIF12,RYR1,BCAS1,CELF2,SGSM1,GPC5,CYP2S1,INHA,SPDEF,PDGFRL,SRGAP1,SLC41A2,SNAP91,P2RX6,CYB5R2,HS3ST6,HSPA12B,C2CD4C,KCNJ10,CCDC159,CCDC184,VILL,CACNA1H,ZDHHC22,WNT3A,EXOC3L1,ADARB2,MESP1,RYR3,SCNN1G,CYP2E1,RTL8B,ANKRD63,ST6GALNAC5,TMC2,RAB33A,AGBL4,MEIS3,IL12A,TMEM74,CACNA1A,CPEB1,KCNK17,SMOC1,LRFN2"
"TF","Factor: Sp2; motif: TGGGCGCGCCCA","TF:M06948","false","0.02042338898165603","1.6898721910487229","9143","373","212","20092","DDIT4,BNIP3L,PDK1,PGK1,SLC16A3,NDRG1,TMEM45A,PLOD2,ITGA5,PFKP,HK1,PLOD1,LDHA,C4ORF3,FAM162A,RIMKLA,ANKZF1,ENO1,MXI1,ZNF395,STC2,PFKFB3,SPAG4,TPI1,GPI,BEND5,P4HA2,MT3,PRELID2,SEC61G,INSIG2,PFKL,PKM,PLEKHA2,VEGFA,PPP1R3C,PIAS2,DIPK2A,FUT11,WSB1,MYO1E,HK2,KDM3A,NFATC4,CSRP2,MIF,CCNG2,MTFP1,DHRS13,ARFGEF3,ADORA2B,PGM2,SMYD2,ID1,TCAF2,SH3D21,NRN1,MOXD1,SPRY1,RAB20,TLE6,RCOR2,MLLT3,NEBL,ANKRD37,ZSWIM5,PRKAA2,KDM7A,SLC1A1,RORA,LMNTD2,CITED2,GALNT18,LOX,BHLHE40,YPEL2,EFNA3,KCTD11,VLDLR,TCP11L2,FAM83B,PPP1R3B,ASCL2,DHRS3,GPR146,ARHGEF37,PIK3IP1,TENT5C,CHAMP1,PAPSS2,PPARGC1B,NOL3,TFR2,MAN1A1,ARRDC2,TRIM7,ATP8B3,KISS1R,PPP1R3G,PKIB,GRAMD2A,ID2,RBPMS2,SNCB,IFI27L2,SEC14L5,HSF4,TTC39A,CELF5,PRKG2,CCDC88B,TGFB1,NFIC,TLE1,ABCG2,IL6R,KCNMA1,HLA-DPA1,CYP26C1,CALHM6,SEMA6D,RGS9BP,DOK3,ROR2,EPHA8,PNCK,ZMYND12,TMEM74B,SLC6A13,INA,DSC2,SLC8A3,SMPDL3A,ADAM12,ABCA5,SGK1,RGL3,TEC,SCUBE2,MYLIP,PTPRM,GAS2L2,PRIMA1,MYO3A,TCF15,PHF24,PIPOX,DAPK2,ARHGAP20,AFAP1L2,PTGES3L,OSMR,GJA3,IGSF9B,UCP2,DCLK3,KIT,ARTN,BCL6B,SLC4A11,CCDC110,SLC8A2,RNF223,OPRK1,LY6G5C,KIF12,BCAS1,CELF2,DDIT4L,SGSM1,SLC13A5,GRHL2,PTGER2,VWDE,FOXD1,TFAP2E,SRGAP1,SELENBP1,ROBO2,PAPOLB,SLC41A2,SNAP91,HS3ST6,RASEF,CCN6,ZNF747,HSPA12B,GFRA3,HOXA9,PLCL1,GNAI1,CACNA1H,ZDHHC22,WNT3A,EXOC3L1,MESP1,RYR3,LEF1,RTL8B,IFFO1,ANKRD63,ST6GALNAC5,PRR15,TMC2,RAB33A,MEIS3,TMEM74,CPEB1,DEPTOR,KCNK17,SMOC1,LRFN2"
"TF","Factor: ZNF609; motif: GNSNGGGNGCTGN","TF:M13132","false","0.027895801951877745","1.55446114892402","11774","373","259","20092","BNIP3,DDIT4,PFKFB4,PDK1,PGK1,SLC16A3,NDRG1,EGLN1,GBE1,PLOD2,ITGA5,PFKP,AK4,HK1,PLOD1,LDHA,P4HA1,FAM162A,SLC2A1,RIMKLA,ANKZF1,MXI1,ZNF395,STC2,PFKFB3,SPAG4,TPI1,LOC112694756,BEND5,ALDOA,P4HA2,INSIG2,PFKL,PKM,PLEKHA2,VEGFA,PPP1R3C,PIAS2,DIPK2A,FUT11,MYO1E,HK2,TXNIP,ALDOC,KDM3A,NFATC4,NUDT18,MIF,CCNG2,DHRS13,ARFGEF3,ADORA2B,PGM2,SMYD2,CSNK1D,CIART,TCAF2,SH3D21,CXCR4,NRN1,NIM1K,MOXD1,SPRY1,RAB20,TLE6,RCOR2,MLLT3,NEBL,ANKRD37,PRKAA2,KDM7A,SLC1A1,RORA,LMNTD2,CITED2,GALNT18,LOX,BHLHE40,YPEL2,EFNA3,KCTD11,VLDLR,PPP1R3B,RASSF2,PTPRN,GPR146,ARHGEF37,PIK3IP1,TENT5C,CHAMP1,PAPSS2,PPARGC1B,NOL3,HLA-DRB1,COL5A2,PLAAT1,TFR2,TRIM9,MAN1A1,ARRDC2,TRIM7,ATP8B3,KISS1R,PPP1R3G,PKIB,GRAMD2A,CA3,ID2,RBPMS2,SNCB,IFI27L2,CDH3,SEC14L5,SLA,ARL14,ITGA2B,HSF4,PTH1R,TTC39A,CELF5,PRKG2,CCDC88B,ALOX12B,TBC1D8B,TGFB1,NFIC,TLE1,ABCG2,ARHGAP24,IL6R,KCNMA1,HLA-DPA1,LILRB3,CYP26C1,CALHM6,SEMA6D,RGS9BP,ROR2,EPHA8,PCSK4,ENTPD8,PNCK,SLC40A1,KLHL35,HNMT,TNFRSF19,TMEM74B,INA,SLC8A3,AJM1,SMPDL3A,KCNV2,ADAM12,ABCA5,RGL3,PADI2,BIRC7,ANGPTL4,SCUBE2,PLA2G7,MYLIP,PTPRM,GAS2L2,PRIMA1,MYO3A,PHF24,DAPK2,ARHGAP20,AFAP1L2,PTGES3L,OSMR,DUSP9,ELF3,GJA3,ACAP1,IGSF9B,TMEM265,DCLK3,KIT,ARTN,BCL6B,SLC4A11,CCDC110,SLC8A2,RNF223,CALB1,NDNF,OPRK1,KIF12,RYR1,PTPRH,CELF2,DDIT4L,SGSM1,GHR,SERPINA3,GPC5,SLC13A5,TAS2R46,CYP2S1,INHA,GRHL2,KRT77,SPDEF,LRRTM1,PTGER2,VAT1L,VWDE,AMPD3,PDGFRL,TFAP2E,SRGAP1,SFTPD,SELENBP1,ROBO2,PAPOLB,SLC41A2,SNAP91,P2RX6,CYB5R2,RASEF,CCN6,ZNF747,HSPA12B,GFRA3,C2CD4C,KCNJ10,CKMT2,HOXA9,SPDYE1,GNAI1,PLPPR4,SPOCD1,RIPOR3,CCDC184,TMEM37,VILL,CACNA1H,ZDHHC22,WNT3A,EXOC3L1,MESP1,LEF1,RTL8B,IFFO1,SLC5A4,SIRPB1,ANKRD63,ST6GALNAC5,EPHA3,GOLT1A,TMC2,AGBL4,TMEM74,CPEB1,DEPTOR,KCNK17,LRFN2,AANAT"
"TF","Factor: HIF2alpha; motif: NNACGTGCNN","TF:M01249","false","0.03827715269823577","1.417060375321404","1551","373","53","20092","BNIP3,BNIP3L,SLC16A3,EGLN1,TMEM45A,GBE1,PFKP,HK1,LDHA,C4ORF3,ENO1,STC2,ALDOA,P4HA2,MT3,VEGFA,PPP1R3C,STC1,CSRP2,PGM2,RCOR2,NEBL,ANKRD37,ZSWIM5,RORA,CITED2,GALNT18,VLDLR,ASCL2,CHAMP1,UPK1A,TRIM9,PPP1R3G,PRKG2,PNPLA7,CYP26C1,TNFRSF19,TMEM74B,INA,PADI2,SCUBE2,TCF15,PHF24,PTGES3L,OSMR,KIT,PRR5L,AMPD3,PAPOLB,RASEF,WNT3A,EPHA3,RAB33A"
"TF","Factor: HIF2A; motif: ACGTGNNN","TF:M07356","false","0.04157591476182744","1.3811581865668099","1885","373","61","20092","DDIT4,BNIP3L,PDK1,PGK1,SLC16A3,GBE1,AK4,LDHA,FAM162A,RIMKLA,ENO1,PGAM1,MT3,SEC61G,FUT11,HK2,KDM3A,SH3D21,MOXD1,RAB20,ANKRD37,KDM7A,LMNTD2,CITED2,GALNT18,BHLHE40,KCTD11,VLDLR,PPP1R3B,GPR160,ARRDC2,TRIM7,GRAMD2A,SEC14L5,LINGO3,PRKG2,NFIC,SEMA6D,RGS9BP,EPHA8,ZMYND12,TMEM74B,IKZF4,BIRC7,TCF15,DUSP9,GJA3,DCLK3,SLC4A11,OPRK1,AMPD3,SELENBP1,TNC,HS3ST6,HSPA12B,GFRA3,GNAI1,KCNJ5,RAB33A,CPEB1,KCNK17"
"TF","Factor: GKLF; motif: NNRRGRRNGNSNNN; match class: 1","TF:M07040_1","false","0.04524700444691752","1.3444101677347433","8435","373","197","20092","PPFIA4,PFKFB4,SLC16A3,NDRG1,EGLN1,ITGA5,PFKP,AK4,PGM1,HK1,LDHA,C4ORF3,SLC2A1,RIMKLA,ENO1,MXI1,ZNF395,PFKFB3,TPI1,GPI,BEND5,ALDOA,P4HA2,PGAM1,TNIP1,PFKL,PKM,PLEKHA2,VEGFA,PIAS2,DIPK2A,TXNIP,KDM3A,NFATC4,NUDT18,MIF,CCNG2,SMYD2,ID1,CSNK1D,CIART,TCAF2,NRN1,NIM1K,SPRY1,TLE6,RCOR2,MLLT3,NEBL,ANKRD37,ZSWIM5,SLC1A1,ADM,RORA,LMNTD2,CITED2,LOX,BHLHE40,YPEL2,KCTD11,VLDLR,TCP11L2,FAM83B,ASCL2,PTPRN,DHRS3,TENT5C,UPK1A,PPARGC1B,PLAAT1,TFR2,TRIM9,GPR160,MAN1A1,ARRDC2,TRIM7,ATP8B3,KISS1R,PPP1R3G,ID2,RBPMS2,SNCB,IFI27L2,CDH3,SEC14L5,PLD1,HSF4,PTH1R,ENPP2,TTC39A,CELF5,PRKG2,CCDC88B,GLYATL1,ALOX12B,TBC1D8B,PNPLA7,TGFB1,NFIC,TLE1,ABCG2,C1ORF116,ARHGAP24,KCNMA1,HLA-DPA1,LILRB3,SEMA6D,RGS9BP,DOK3,EPHA8,PCSK4,PNCK,KLHL35,SLC6A13,DSC2,AJM1,IKZF4,ADAM12,ABCA5,PADI2,BIRC7,SCUBE2,AFAP1L2,PTGES3L,DUSP9,ELF3,ACAP1,ZNF608,IGSF9B,TMEM265,KIT,BCL6B,SLC4A11,CCDC110,SLC8A2,RNF223,NDNF,KIF12,RYR1,PTPRH,CELF2,DDIT4L,SGSM1,SERPINA3,SLC13A5,INHA,GRHL2,LRRTM1,FOXD1,PDGFRL,TFAP2E,SRGAP1,PLCXD3,ROBO2,CD37,SLC41A2,KLRB1,SNAP91,P2RX6,HS3ST6,RASEF,CHRNA10,ZNF747,HSPA12B,GFRA3,HRH1,C2CD4C,KCNJ10,CKMT2,HOXA9,F13A1,PLPPR4,CCDC159,SPOCD1,RIPOR3,CCDC184,TMEM37,ZNF750,VILL,CACNA1H,ZDHHC22,WNT3A,EXOC3L1,ADARB2,RYR3,SCNN1G,CYP2E1,LEF1,RTL8B,ANKRD63,TMC2,RAB33A,MEIS3,TMEM74,CACNA1A,SMOC1,LRFN2"
"TF","Factor: GR; motif: AGAACAN; match class: 1","TF:M07355_1","false","0.046705073884341156","1.3306359365586604","1051","373","40","20092","TMEM45A,GBE1,LDHA,PAM,PPP1R3C,TXNIP,ALDOC,PGM2,ADM,ARHGEF37,PIK3IP1,HLA-DOB,TRIM9,PNPLA7,ENTPD8,ZMYND12,BIRC7,MYLIP,PTPRM,DCLK3,CCDC110,IGSF6,KIF12,SERPINA3,VWDE,FOXD1,PDGFRL,SFTPD,TNC,CHRNA10,CCDC141,GFRA3,LECT2,CKMT2,F13A1,GNAI1,APOF,KCNJ5,UBAP1L,LEF1"
"TF","Factor: Sp2; motif: TGGGCGCGCCCA; match class: 1","TF:M06948_1","false","0.049819404880185464","1.3026014646516846","6383","373","157","20092","DDIT4,BNIP3L,PDK1,PGK1,SLC16A3,NDRG1,TMEM45A,PLOD2,ITGA5,PFKP,HK1,PLOD1,LDHA,C4ORF3,FAM162A,RIMKLA,ANKZF1,ENO1,MXI1,STC2,PFKFB3,SPAG4,TPI1,BEND5,P4HA2,INSIG2,PFKL,PKM,PLEKHA2,VEGFA,PPP1R3C,DIPK2A,WSB1,MYO1E,HK2,KDM3A,NFATC4,CSRP2,MIF,CCNG2,DHRS13,ARFGEF3,SMYD2,ID1,SH3D21,NRN1,MOXD1,RAB20,TLE6,MLLT3,NEBL,ANKRD37,ZSWIM5,PRKAA2,KDM7A,SLC1A1,RORA,LMNTD2,CITED2,GALNT18,YPEL2,EFNA3,KCTD11,VLDLR,TCP11L2,FAM83B,PPP1R3B,ASCL2,PIK3IP1,TENT5C,CHAMP1,PAPSS2,PPARGC1B,NOL3,TFR2,MAN1A1,ARRDC2,TRIM7,ATP8B3,KISS1R,PPP1R3G,ID2,RBPMS2,SNCB,SEC14L5,HSF4,TTC39A,CELF5,PRKG2,CCDC88B,TGFB1,NFIC,TLE1,ABCG2,IL6R,KCNMA1,HLA-DPA1,CYP26C1,SEMA6D,RGS9BP,ROR2,EPHA8,PNCK,ZMYND12,TMEM74B,SLC8A3,ADAM12,ABCA5,SGK1,RGL3,SCUBE2,MYLIP,PTPRM,GAS2L2,PRIMA1,MYO3A,TCF15,PHF24,DAPK2,ARHGAP20,AFAP1L2,PTGES3L,OSMR,GJA3,IGSF9B,DCLK3,KIT,SLC4A11,SLC8A2,RNF223,BCAS1,SLC13A5,GRHL2,PTGER2,TFAP2E,SELENBP1,SNAP91,RASEF,ZNF747,HSPA12B,HOXA9,GNAI1,CACNA1H,ZDHHC22,WNT3A,MESP1,RYR3,RTL8B,IFFO1,ANKRD63,ST6GALNAC5,PRR15,TMC2,MEIS3,TMEM74,CPEB1,KCNK17"
"MIRNA","hsa-mir-335-5p","MIRNA:hsa-mir-335-5p","false","0.038127763228846694","1.418758671932277","2422","340","77","16638","PPFIA4,PFKFB4,NDRG1,EGLN1,P4HA1,ANKZF1,MXI1,INSIG2,VEGFA,PPP1R3C,FUT11,TXNIP,ALDOC,CCNG2,RNASE4,SH3D21,RNF183,SLC1A1,RORA,ANG,CITED2,LOX,BHLHE40,YPEL2,VLDLR,TCP11L2,FAM83B,PPP1R3B,ASCL2,DHRS3,ARHGEF37,TRIM9,MAN1A1,CA3,SNCB,CDH3,LINGO3,PRKG2,TBC1D8B,SLC26A7,ROR2,PCSK4,KLHL35,DSC2,SMPDL3A,ABCA5,PLA2G7,PTPRM,GAS2L2,DAPK2,OSMR,KIT,CCDC110,PTPRH,SERPINA3,SPDEF,VAT1L,AMPD3,SRGAP1,ISG20,SFTPD,SELENBP1,TNC,CD37,KLRB1,SNAP91,ZNF747,CCDC141,ASPN,SCIN,VILL,CYP2E1,SLC5A4,MEIS3,CD96,CHL1,SLC25A41"
